County #,County,year,per_capita_residential_taxes
18,Beaverhead,2002,389.50470253260113
22,Big Horn,2002,112.39441174034454
24,Blaine,2002,144.73935569463737
43,Broadwater,2002,253.60065497744523
10,Carbon,2002,514.354932058267
42,Carter,2002,165.51001374753596
2,Cascade,2002,345.31315868711783
19,Chouteau,2002,271.55204861159876
14,Custer,2002,285.6299094609037
37,Daniels,2002,287.4461440407949
16,Dawson,2002,277.07273571866835
30,Deer Lodge,2002,320.1372790623509
39,Fallon,2002,132.02810648880734
8,Fergus,2002,345.4285700929196
7,Flathead,2002,563.1230970898264
6,Gallatin,2002,505.87590367835287
50,Garfield,2002,262.1305118823529
38,Glacier,2002,144.6446945179757
53,Golden Valley,2002,198.85833984881415
46,Granite,2002,459.7122471531346
12,Hill,2002,274.15503457091506
51,Jefferson,2002,363.4690181847557
36,Judith Basin,2002,266.71938730543195
15,Lake,2002,523.2776588161404
5,Lewis & Clark,2002,455.05308256668627
48,Liberty,2002,302.8708763260261
56,Lincoln,2002,320.95826545021146
25,Madison,2002,2840.81551452954
41,McCone,2002,66.87307375054074
47,Meagher,2002,372.32202715567286
54,Mineral,2002,340.4750539171226
4,Missoula,2002,494.4306217671567
23,Musselshell,2002,270.4937206248564
49,Park,2002,459.9326355630259
55,Petroleum,2002,264.92709837944665
11,Phillips,2002,203.26862171617603
26,Pondera,2002,285.3360931939539
9,Powder River,2002,237.57709505779718
28,Powell,2002,252.03631076753481
45,Prairie,2002,210.06307815856778
13,Ravalli,2002,420.2220419761447
27,Richland,2002,243.9451382778376
17,Roosevelt,2002,107.09703869650598
29,Rosebud,2002,94.88132811494123
35,Sanders,2002,294.80646036403596
34,Sheridan,2002,275.2806712572551
1,Silver Bow,2002,333.9525234307885
32,Stillwater,2002,330.53400583556436
40,Sweet Grass,2002,414.45763171025726
31,Teton,2002,333.1532875421572
21,Toole,2002,283.589683841821
33,Treasure,2002,188.74734968474147
20,Valley,2002,241.87558313977647
44,Wheatland,2002,220.4759867943457
52,Wibaux,2002,192.67816059922177
3,Yellowstone,2002,379.6630026865662
18,Beaverhead,2003,397.5345407463022
22,Big Horn,2003,106.77201494388237
24,Blaine,2003,160.76731340110464
43,Broadwater,2003,298.3152572490136
10,Carbon,2003,576.8195400707909
42,Carter,2003,184.90559086821708
2,Cascade,2003,359.50974349239635
19,Chouteau,2003,299.93259063203465
14,Custer,2003,305.1194040793845
37,Daniels,2003,311.10285841041997
16,Dawson,2003,287.96500705174765
30,Deer Lodge,2003,367.6322649341604
39,Fallon,2003,131.5492117948718
8,Fergus,2003,356.90839474362303
7,Flathead,2003,597.3285087808092
6,Gallatin,2003,529.2157965681037
50,Garfield,2003,270.54023994417867
38,Glacier,2003,147.07879374772176
53,Golden Valley,2003,212.0814684464832
46,Granite,2003,489.31758825656783
12,Hill,2003,285.8340951563673
51,Jefferson,2003,406.2640534057689
36,Judith Basin,2003,271.4862833530213
15,Lake,2003,551.9362575771656
5,Lewis & Clark,2003,477.8357532824374
48,Liberty,2003,364.8690680063291
56,Lincoln,2003,345.6459577634273
25,Madison,2003,3516.810899410128
41,McCone,2003,71.78848213664055
47,Meagher,2003,406.14114729743864
54,Mineral,2003,356.8127626753048
4,Missoula,2003,512.8299859586301
23,Musselshell,2003,309.81084042880076
49,Park,2003,512.5246125078834
55,Petroleum,2003,285.9821015810276
11,Phillips,2003,233.5139505281445
26,Pondera,2003,300.25316618481054
9,Powder River,2003,250.7409724823081
28,Powell,2003,269.7821062643261
45,Prairie,2003,206.39255862157535
13,Ravalli,2003,449.6208319635449
27,Richland,2003,243.05930742142468
17,Roosevelt,2003,112.41523693058778
29,Rosebud,2003,98.47889800217156
35,Sanders,2003,345.81388522474896
34,Sheridan,2003,283.5845365674872
1,Silver Bow,2003,306.2363473991755
32,Stillwater,2003,378.07960730682765
40,Sweet Grass,2003,460.8034888808131
31,Teton,2003,340.4712292096928
21,Toole,2003,298.69798688254093
33,Treasure,2003,200.32206971938774
20,Valley,2003,234.1140799865356
44,Wheatland,2003,240.5349357156265
52,Wibaux,2003,192.4507848235294
3,Yellowstone,2003,403.55535088636293
18,Beaverhead,2004,424.26707605779524
22,Big Horn,2004,105.61431124477625
24,Blaine,2004,169.1800929808248
43,Broadwater,2004,310.4654004415199
10,Carbon,2004,603.4922485527501
42,Carter,2004,180.25724537383178
2,Cascade,2004,384.9141170110228
19,Chouteau,2004,307.7880619305289
14,Custer,2004,357.8822952606429
37,Daniels,2004,354.20178079822614
16,Dawson,2004,321.4472371953576
30,Deer Lodge,2004,390.1783132748762
39,Fallon,2004,135.98714413631447
8,Fergus,2004,378.33342220153946
7,Flathead,2004,653.9394822622374
6,Gallatin,2004,568.9946362514582
50,Garfield,2004,275.01080583333334
38,Glacier,2004,128.44491458096803
53,Golden Valley,2004,232.60312270387504
46,Granite,2004,534.9835493883792
12,Hill,2004,303.44439120085275
51,Jefferson,2004,424.3766341575492
36,Judith Basin,2004,312.1730325364299
15,Lake,2004,582.6479290007961
5,Lewis & Clark,2004,506.9224366807944
48,Liberty,2004,332.53118748563855
56,Lincoln,2004,375.9756350313306
25,Madison,2004,4465.877652397528
41,McCone,2004,72.41560312758966
47,Meagher,2004,419.0828730077519
54,Mineral,2004,402.23947043914677
4,Missoula,2004,568.58059920427
23,Musselshell,2004,316.5666301540292
49,Park,2004,546.6078651388946
55,Petroleum,2004,292.0881331213873
11,Phillips,2004,243.9032845611176
26,Pondera,2004,308.44278270195446
9,Powder River,2004,282.1057771847362
28,Powell,2004,272.82448846041916
45,Prairie,2004,231.20573535993066
13,Ravalli,2004,504.4171957836547
27,Richland,2004,226.43245712510995
17,Roosevelt,2004,108.60425737175997
29,Rosebud,2004,102.2355075831874
35,Sanders,2004,346.71038859421753
34,Sheridan,2004,307.4700826310073
1,Silver Bow,2004,367.045271827488
32,Stillwater,2004,419.483341900415
40,Sweet Grass,2004,464.14169436479875
31,Teton,2004,356.18798289740704
21,Toole,2004,283.7707367508384
33,Treasure,2004,195.66638324155193
20,Valley,2004,239.27987171283021
44,Wheatland,2004,246.14023812115477
52,Wibaux,2004,187.23185475418637
3,Yellowstone,2004,424.8167605644884
18,Beaverhead,2005,429.50434707794267
22,Big Horn,2005,107.651769311382
24,Blaine,2005,175.01522811331915
43,Broadwater,2005,323.4274500544503
10,Carbon,2005,641.2080047827841
42,Carter,2005,201.57913980127182
2,Cascade,2005,381.1923956523533
19,Chouteau,2005,320.00909328836724
14,Custer,2005,365.69963151886543
37,Daniels,2005,372.8928841863075
16,Dawson,2005,321.1807179613637
30,Deer Lodge,2005,401.31121320034504
39,Fallon,2005,147.50334424410028
8,Fergus,2005,400.2194634830479
7,Flathead,2005,724.8467286202833
6,Gallatin,2005,612.0703620412156
50,Garfield,2005,262.3345535108152
38,Glacier,2005,182.3889810577503
53,Golden Valley,2005,258.15747976331363
46,Granite,2005,641.3142006148222
12,Hill,2005,308.0452071650913
51,Jefferson,2005,457.320697719675
36,Judith Basin,2005,310.1995915085609
15,Lake,2005,619.2586303303001
5,Lewis & Clark,2005,534.2081166640468
48,Liberty,2005,322.8536175419241
56,Lincoln,2005,398.06877657977077
25,Madison,2005,5221.05341350394
41,McCone,2005,71.50405495492997
47,Meagher,2005,451.9019979936808
54,Mineral,2005,456.55028584321315
4,Missoula,2005,596.8394393290197
23,Musselshell,2005,338.0582588642147
49,Park,2005,560.50150257854
55,Petroleum,2005,288.80648928861785
11,Phillips,2005,246.7132242975402
26,Pondera,2005,309.56439710962917
9,Powder River,2005,295.0903490856814
28,Powell,2005,290.1603668700872
45,Prairie,2005,244.43825743169396
13,Ravalli,2005,524.9154424959755
27,Richland,2005,212.8186352894537
17,Roosevelt,2005,118.85551199674235
29,Rosebud,2005,98.53258845033402
35,Sanders,2005,359.59862423795676
34,Sheridan,2005,299.55711709487827
1,Silver Bow,2005,356.86602866552937
32,Stillwater,2005,454.5128089164014
40,Sweet Grass,2005,539.4279067349661
31,Teton,2005,375.3677851826372
21,Toole,2005,283.0805460233918
33,Treasure,2005,221.5818441906005
20,Valley,2005,244.50345992941496
44,Wheatland,2005,246.37327406999043
52,Wibaux,2005,176.46741047236182
3,Yellowstone,2005,452.13336793646397
18,Beaverhead,2006,447.09699452230353
22,Big Horn,2006,105.22166056682615
24,Blaine,2006,180.8581954854651
43,Broadwater,2006,346.6176545381202
10,Carbon,2006,654.9229664552239
42,Carter,2006,208.11429507660964
2,Cascade,2006,395.7118263962792
19,Chouteau,2006,313.3872597302505
14,Custer,2006,372.6730027985959
37,Daniels,2006,402.57463430778034
16,Dawson,2006,335.5281474291201
30,Deer Lodge,2006,428.71986932570815
39,Fallon,2006,152.34772188464362
8,Fergus,2006,427.6236605529953
7,Flathead,2006,756.0706111555522
6,Gallatin,2006,636.6075879403224
50,Garfield,2006,270.779766431468
38,Glacier,2006,141.13242151320753
53,Golden Valley,2006,290.17680924974314
46,Granite,2006,701.8479499103884
12,Hill,2006,309.8304864670547
51,Jefferson,2006,468.39826292472935
36,Judith Basin,2006,330.4941952003728
15,Lake,2006,671.1872506973448
5,Lewis & Clark,2006,544.7812679865945
48,Liberty,2006,335.107656101083
56,Lincoln,2006,415.205516222176
25,Madison,2006,6190.075887232295
41,McCone,2006,73.07351310908348
47,Meagher,2006,496.44280347893925
54,Mineral,2006,498.48294268724766
4,Missoula,2006,626.6142898459353
23,Musselshell,2006,344.7547799804457
49,Park,2006,597.4993902298917
55,Petroleum,2006,262.10529724444444
11,Phillips,2006,245.53884001200197
26,Pondera,2006,319.75891064646794
9,Powder River,2006,298.1737238628763
28,Powell,2006,303.7918234771609
45,Prairie,2006,247.29112735883425
13,Ravalli,2006,542.4617488234861
27,Richland,2006,214.69076351677998
17,Roosevelt,2006,127.69092857267866
29,Rosebud,2006,99.80117567406425
35,Sanders,2006,398.80034874083015
34,Sheridan,2006,294.6834826889079
1,Silver Bow,2006,383.85782492868026
32,Stillwater,2006,492.83984887192514
40,Sweet Grass,2006,542.6205100324589
31,Teton,2006,403.32381028968905
21,Toole,2006,290.39281759488694
33,Treasure,2006,244.5560730171278
20,Valley,2006,263.6926593248075
44,Wheatland,2006,249.489574809828
52,Wibaux,2006,161.8594630894309
3,Yellowstone,2006,454.23958719147174
18,Beaverhead,2007,456.307469751883
22,Big Horn,2007,99.91593402621722
24,Blaine,2007,187.35216000478982
43,Broadwater,2007,366.0973505344862
10,Carbon,2007,726.0813520836256
42,Carter,2007,224.40883013980266
2,Cascade,2007,413.90899732805656
19,Chouteau,2007,332.87335288026463
14,Custer,2007,378.00788813675956
37,Daniels,2007,424.5356462044653
16,Dawson,2007,333.2932523703041
30,Deer Lodge,2007,441.92252124784113
39,Fallon,2007,157.4463271134393
8,Fergus,2007,444.17574713425813
7,Flathead,2007,785.3600763020454
6,Gallatin,2007,690.8590911227195
50,Garfield,2007,301.73263398703403
38,Glacier,2007,154.0756261408301
53,Golden Valley,2007,322.4655503008299
46,Granite,2007,729.3190218130965
12,Hill,2007,313.73080840122265
51,Jefferson,2007,499.5956448605073
36,Judith Basin,2007,348.4401756120979
15,Lake,2007,701.7580517903667
5,Lewis & Clark,2007,556.6380777713287
48,Liberty,2007,337.7092024194991
56,Lincoln,2007,428.0200306743827
25,Madison,2007,7552.001738522919
41,McCone,2007,71.65009958068784
47,Meagher,2007,562.4686794287211
54,Mineral,2007,565.0021696583253
4,Missoula,2007,649.5413320467442
23,Musselshell,2007,339.7683238734638
49,Park,2007,625.6601088579099
55,Petroleum,2007,271.5955984595745
11,Phillips,2007,252.2857926472693
26,Pondera,2007,330.69506863997407
9,Powder River,2007,357.07618904031796
28,Powell,2007,309.30604538007583
45,Prairie,2007,270.9251086241921
13,Ravalli,2007,571.1045309647951
27,Richland,2007,195.14698566802053
17,Roosevelt,2007,137.44010358990752
29,Rosebud,2007,104.52185355484652
35,Sanders,2007,408.3026753356213
34,Sheridan,2007,285.4550128019602
1,Silver Bow,2007,377.8794090364
32,Stillwater,2007,469.67056889906394
40,Sweet Grass,2007,537.5187772022234
31,Teton,2007,406.8136804834771
21,Toole,2007,301.0620649607567
33,Treasure,2007,258.6180911764706
20,Valley,2007,287.56513990725585
44,Wheatland,2007,260.68254433653846
52,Wibaux,2007,165.06680330374755
3,Yellowstone,2007,477.3017998635511
18,Beaverhead,2008,479.8819913829369
22,Big Horn,2008,110.16199786415153
24,Blaine,2008,203.86981208326824
43,Broadwater,2008,416.77985761642265
10,Carbon,2008,764.8982820873053
42,Carter,2008,243.95747588737203
2,Cascade,2008,443.33773480075496
19,Chouteau,2008,344.7023108500173
14,Custer,2008,408.4286261684759
37,Daniels,2008,456.2894374823943
16,Dawson,2008,347.85326009187673
30,Deer Lodge,2008,472.7988839963639
39,Fallon,2008,166.34192793729963
8,Fergus,2008,496.1514912106914
7,Flathead,2008,850.0586371277867
6,Gallatin,2008,796.6302131126038
50,Garfield,2008,348.2180808962655
38,Glacier,2008,165.87626810359288
53,Golden Valley,2008,343.96780191011254
46,Granite,2008,772.7981493335535
12,Hill,2008,361.4262276587577
51,Jefferson,2008,509.06622522127975
36,Judith Basin,2008,358.9525017527765
15,Lake,2008,755.3060688132209
5,Lewis & Clark,2008,627.9692352397676
48,Liberty,2008,345.61899331235963
56,Lincoln,2008,448.3973431605347
25,Madison,2008,8941.310137843024
41,McCone,2008,77.5540353648684
47,Meagher,2008,581.9225958320128
54,Mineral,2008,609.0047030260952
4,Missoula,2008,746.3672980737288
23,Musselshell,2008,386.3865065193307
49,Park,2008,680.7273115961248
55,Petroleum,2008,331.4398553638254
11,Phillips,2008,265.59880698230523
26,Pondera,2008,359.19369001471307
9,Powder River,2008,308.47685736332573
28,Powell,2008,365.51975879050593
45,Prairie,2008,296.2795080409617
13,Ravalli,2008,616.3496533365984
27,Richland,2008,204.05271675291624
17,Roosevelt,2008,149.85803816171395
29,Rosebud,2008,110.89053976690487
35,Sanders,2008,443.0120733765414
34,Sheridan,2008,318.81598728212697
1,Silver Bow,2008,391.3892864595414
32,Stillwater,2008,525.9209046137505
40,Sweet Grass,2008,595.1033540319575
31,Teton,2008,439.97364787237507
21,Toole,2008,266.8672227682615
33,Treasure,2008,274.88741433687005
20,Valley,2008,292.17877940256244
44,Wheatland,2008,272.7649176615528
52,Wibaux,2008,177.88388853955377
3,Yellowstone,2008,517.6772199869673
18,Beaverhead,2009,487.9759353326087
22,Big Horn,2009,99.66948475249077
24,Blaine,2009,188.19185145104737
43,Broadwater,2009,420.23434488537123
10,Carbon,2009,782.3378961337586
42,Carter,2009,242.3503862033898
2,Cascade,2009,418.2027380581308
19,Chouteau,2009,333.9286377628172
14,Custer,2009,376.1041510776232
37,Daniels,2009,366.46010000577365
16,Dawson,2009,321.2865817073712
30,Deer Lodge,2009,473.8446256457884
39,Fallon,2009,163.20540723455932
8,Fergus,2009,466.81664261429415
7,Flathead,2009,878.2036863654165
6,Gallatin,2009,781.6432339769244
50,Garfield,2009,303.57058408870967
38,Glacier,2009,144.94586056384745
53,Golden Valley,2009,338.2344135785953
46,Granite,2009,779.4443358357868
12,Hill,2009,323.0802031693886
51,Jefferson,2009,534.4118126997536
36,Judith Basin,2009,341.21966139210014
15,Lake,2009,834.7538023657041
5,Lewis & Clark,2009,591.968281700308
48,Liberty,2009,307.0530399824792
56,Lincoln,2009,464.65421775499834
25,Madison,2009,10346.065915560115
41,McCone,2009,67.32827044696377
47,Meagher,2009,568.4177536373221
54,Mineral,2009,631.5715027047619
4,Missoula,2009,693.9650467609484
23,Musselshell,2009,345.535141949531
49,Park,2009,677.3515930855255
55,Petroleum,2009,321.58915407786884
11,Phillips,2009,232.6931854078265
26,Pondera,2009,334.33808074316573
9,Powder River,2009,288.13389527617954
28,Powell,2009,346.1052892880304
45,Prairie,2009,275.2718956277436
13,Ravalli,2009,624.0764623951345
27,Richland,2009,202.62247947515237
17,Roosevelt,2009,128.20639139636154
29,Rosebud,2009,108.18520441901025
35,Sanders,2009,431.3097602005057
34,Sheridan,2009,274.0794028579864
1,Silver Bow,2009,375.95207384027276
32,Stillwater,2009,502.6700487209431
40,Sweet Grass,2009,633.1903850308228
31,Teton,2009,408.1743232661158
21,Toole,2009,261.4919689227836
33,Treasure,2009,270.0377366944444
20,Valley,2009,289.0045755681045
44,Wheatland,2009,257.9335403568119
52,Wibaux,2009,182.8145866407767
3,Yellowstone,2009,490.9621849071107
18,Beaverhead,2010,491.1972330415992
22,Big Horn,2010,116.36707360859465
24,Blaine,2010,179.57582966077194
43,Broadwater,2010,435.22369508700285
10,Carbon,2010,826.8786135098877
42,Carter,2010,216.52478086206895
2,Cascade,2010,442.60362675390456
19,Chouteau,2010,305.5707572943201
14,Custer,2010,396.926880358334
37,Daniels,2010,377.53422204688394
16,Dawson,2010,330.54096836983234
30,Deer Lodge,2010,388.54927173323284
39,Fallon,2010,165.53739659397715
8,Fergus,2010,475.1802285346911
7,Flathead,2010,933.919299584888
6,Gallatin,2010,862.105676776612
50,Garfield,2010,322.84706095637586
38,Glacier,2010,165.11690212295085
53,Golden Valley,2010,344.9526235722411
46,Granite,2010,803.0363537207792
12,Hill,2010,361.317396256423
51,Jefferson,2010,592.079676397791
36,Judith Basin,2010,354.2445702750965
15,Lake,2010,881.6665563087873
5,Lewis & Clark,2010,647.5277888863551
48,Liberty,2010,312.437162443593
56,Lincoln,2010,513.724519988322
25,Madison,2010,10470.106974848139
41,McCone,2010,69.69520443939197
47,Meagher,2010,572.2373989723111
54,Mineral,2010,649.8854506625651
4,Missoula,2010,761.9090968015639
23,Musselshell,2010,343.55822649945117
49,Park,2010,624.5864028418589
55,Petroleum,2010,305.3964365644172
11,Phillips,2010,260.46985970837255
26,Pondera,2010,347.90173850495046
9,Powder River,2010,303.88296267970105
28,Powell,2010,371.92297324120244
45,Prairie,2010,268.0369640152156
13,Ravalli,2010,653.8347664816117
27,Richland,2010,210.47350091915155
17,Roosevelt,2010,132.63182668230561
29,Rosebud,2010,116.44903924556853
35,Sanders,2010,434.32214170788
34,Sheridan,2010,301.1063638034442
1,Silver Bow,2010,420.40177460023955
32,Stillwater,2010,493.92638744842714
40,Sweet Grass,2010,618.8039226298342
31,Teton,2010,420.3369398781693
21,Toole,2010,270.43700516938054
33,Treasure,2010,275.45064406685236
20,Valley,2010,293.3898872933044
44,Wheatland,2010,258.00676155844155
52,Wibaux,2010,151.88694615690167
3,Yellowstone,2010,527.8691918273041
18,Beaverhead,2011,540.3448118601368
22,Big Horn,2011,113.92173391990815
24,Blaine,2011,189.8983934822026
43,Broadwater,2011,449.8684985691825
10,Carbon,2011,846.8174045717668
42,Carter,2011,165.45399914612676
2,Cascade,2011,441.25069266971855
19,Chouteau,2011,327.381229006023
14,Custer,2011,387.4794657645858
37,Daniels,2011,360.6176973878478
16,Dawson,2011,313.81673105152356
30,Deer Lodge,2011,488.72977789933185
39,Fallon,2011,166.97946064846417
8,Fergus,2011,498.26004674779716
7,Flathead,2011,976.494092125831
6,Gallatin,2011,868.8172451182089
50,Garfield,2011,307.2472964266347
38,Glacier,2011,155.6190714591927
53,Golden Valley,2011,330.5570446987952
46,Granite,2011,859.5383631063556
12,Hill,2011,337.20710861543154
51,Jefferson,2011,594.5745489907695
36,Judith Basin,2011,337.68873630164256
15,Lake,2011,900.5658328773086
5,Lewis & Clark,2011,642.8667283293393
48,Liberty,2011,297.0025093568726
56,Lincoln,2011,534.2110300805217
25,Madison,2011,10088.560590111181
41,McCone,2011,70.56625148482469
47,Meagher,2011,631.9471357858286
54,Mineral,2011,689.983968076376
4,Missoula,2011,773.8646858235877
23,Musselshell,2011,304.0704055646861
49,Park,2011,802.9378306936562
55,Petroleum,2011,296.2126991020408
11,Phillips,2011,245.97400933349246
26,Pondera,2011,329.13696316292595
9,Powder River,2011,264.9110501150748
28,Powell,2011,380.90399302978955
45,Prairie,2011,240.17981699122814
13,Ravalli,2011,665.3180009217092
27,Richland,2011,200.11345358473827
17,Roosevelt,2011,125.61675983704974
29,Rosebud,2011,116.43930929604626
35,Sanders,2011,466.6220980675677
34,Sheridan,2011,322.06669567456817
1,Silver Bow,2011,411.59141324487695
32,Stillwater,2011,519.0270498363159
40,Sweet Grass,2011,596.8251280925823
31,Teton,2011,423.74123698184815
21,Toole,2011,284.1091105649388
33,Treasure,2011,268.1495799719495
20,Valley,2011,287.02160519436995
44,Wheatland,2011,258.02438768292683
52,Wibaux,2011,186.64409071428568
3,Yellowstone,2011,521.2062295332828
18,Beaverhead,2012,554.267384270143
22,Big Horn,2012,119.41682591692312
24,Blaine,2012,193.95810822155687
43,Broadwater,2012,498.63068727162226
10,Carbon,2012,859.7501220303723
42,Carter,2012,173.81469347450306
2,Cascade,2012,464.92096566173643
19,Chouteau,2012,330.26752649300283
14,Custer,2012,386.4832953767908
37,Daniels,2012,379.54215726760555
16,Dawson,2012,311.8160642439343
30,Deer Lodge,2012,480.48501618106815
39,Fallon,2012,168.4396536979511
8,Fergus,2012,495.64316385499916
7,Flathead,2012,1095.6461752214639
6,Gallatin,2012,886.5286616663964
50,Garfield,2012,304.3159766800643
38,Glacier,2012,163.50453422666087
53,Golden Valley,2012,332.95299382104
46,Granite,2012,853.5432248638003
12,Hill,2012,344.6396236910787
51,Jefferson,2012,588.1471576939391
36,Judith Basin,2012,338.63471728542896
15,Lake,2012,923.1717090388862
5,Lewis & Clark,2012,640.4469339740457
48,Liberty,2012,285.8113549394066
56,Lincoln,2012,570.0951187913165
25,Madison,2012,9925.046789788235
41,McCone,2012,70.52887500130477
47,Meagher,2012,558.0448225715801
54,Mineral,2012,669.0010716658591
4,Missoula,2012,774.1143290223806
23,Musselshell,2012,294.45134264762305
49,Park,2012,816.2811457291256
55,Petroleum,2012,304.2455243849207
11,Phillips,2012,268.8790793059935
26,Pondera,2012,349.6495242919852
9,Powder River,2012,212.62146367940673
28,Powell,2012,381.1699365287388
45,Prairie,2012,234.2407466082384
13,Ravalli,2012,649.6369396968432
27,Richland,2012,205.42685503988875
17,Roosevelt,2012,120.0324810459866
29,Rosebud,2012,117.13333168750665
35,Sanders,2012,475.95127747318446
34,Sheridan,2012,334.39012622428845
1,Silver Bow,2012,423.8611902366793
32,Stillwater,2012,506.3558341427792
40,Sweet Grass,2012,595.930011920715
31,Teton,2012,431.1816901502393
21,Toole,2012,299.4125801150307
33,Treasure,2012,270.70551912742394
20,Valley,2012,280.6737983022139
44,Wheatland,2012,258.58455762679426
52,Wibaux,2012,167.94901001936108
3,Yellowstone,2012,525.3063026941342
18,Beaverhead,2013,564.0264985437935
22,Big Horn,2013,120.84809065934893
24,Blaine,2013,197.1086101522231
43,Broadwater,2013,475.6285369938327
10,Carbon,2013,881.606865501161
42,Carter,2013,182.5055437673611
2,Cascade,2013,463.3694568352212
19,Chouteau,2013,302.9783475833192
14,Custer,2013,402.0461515321765
37,Daniels,2013,377.61853987626546
16,Dawson,2013,324.9130898699639
30,Deer Lodge,2013,489.41890261588344
39,Fallon,2013,171.35565949786678
8,Fergus,2013,506.76606761098975
7,Flathead,2013,1027.5895103466892
6,Gallatin,2013,928.877810961042
50,Garfield,2013,297.72962665071765
38,Glacier,2013,160.49100866226803
53,Golden Valley,2013,332.1478673049645
46,Granite,2013,922.0742073975274
12,Hill,2013,339.6774253149941
51,Jefferson,2013,595.7536225305518
36,Judith Basin,2013,350.60625076038025
15,Lake,2013,984.6676930889439
5,Lewis & Clark,2013,665.3719023353564
48,Liberty,2013,300.9637858110971
56,Lincoln,2013,594.7319654245402
25,Madison,2013,10714.98168816802
41,McCone,2013,75.09617381628664
47,Meagher,2013,581.7041082037813
54,Mineral,2013,680.1743486458333
4,Missoula,2013,795.4289603443586
23,Musselshell,2013,325.56112688955346
49,Park,2013,827.5964728726997
55,Petroleum,2013,307.7141872222222
11,Phillips,2013,292.7296454617606
26,Pondera,2013,340.95046508283747
9,Powder River,2013,213.51422555048484
28,Powell,2013,414.1792784332325
45,Prairie,2013,230.20496105760967
13,Ravalli,2013,663.1010908362844
27,Richland,2013,211.96033136363633
17,Roosevelt,2013,120.24390250901878
29,Rosebud,2013,119.91615572641311
35,Sanders,2013,485.07679123540845
34,Sheridan,2013,291.96243340965526
1,Silver Bow,2013,434.82473990543673
32,Stillwater,2013,533.4166926953799
40,Sweet Grass,2013,612.5332527938765
31,Teton,2013,442.1180966710744
21,Toole,2013,304.1091483209685
33,Treasure,2013,280.6957043434344
20,Valley,2013,310.0657540658189
44,Wheatland,2013,256.7585150824306
52,Wibaux,2013,161.67764099090908
3,Yellowstone,2013,530.1367711088567
18,Beaverhead,2014,564.4977582499739
22,Big Horn,2014,130.80675115311396
24,Blaine,2014,191.97297540089485
43,Broadwater,2014,523.2640089702758
10,Carbon,2014,914.628981230121
42,Carter,2014,189.02595969565206
2,Cascade,2014,480.8921468556393
19,Chouteau,2014,353.53399008614554
14,Custer,2014,414.8200440617976
37,Daniels,2014,387.7139945939933
16,Dawson,2014,340.73535112034506
30,Deer Lodge,2014,507.575859719144
39,Fallon,2014,177.09445359807071
8,Fergus,2014,530.8883371506748
7,Flathead,2014,1062.8475348905022
6,Gallatin,2014,960.0226727072675
50,Garfield,2014,331.1130097490196
38,Glacier,2014,163.48566621197756
53,Golden Valley,2014,341.26984745541034
46,Granite,2014,909.4265783370355
12,Hill,2014,360.9053674665297
51,Jefferson,2014,638.0520484280995
36,Judith Basin,2014,365.0564280997983
15,Lake,2014,1043.3271941284418
5,Lewis & Clark,2014,675.7623030623699
48,Liberty,2014,307.5514016226576
56,Lincoln,2014,579.0987007908037
25,Madison,2014,11139.017379329056
41,McCone,2014,77.21138674757283
47,Meagher,2014,595.9708717995695
54,Mineral,2014,705.8960670023864
4,Missoula,2014,831.9873717636764
23,Musselshell,2014,334.6418960968777
49,Park,2014,862.3398044229205
55,Petroleum,2014,334.91081508196726
11,Phillips,2014,307.8451447146286
26,Pondera,2014,367.27182445983374
9,Powder River,2014,220.63294016319645
28,Powell,2014,436.806384287375
45,Prairie,2014,262.77772519111113
13,Ravalli,2014,683.8853640458481
27,Richland,2014,205.483122870523
17,Roosevelt,2014,113.26255539920254
29,Rosebud,2014,131.49718422920233
35,Sanders,2014,514.1266693177423
34,Sheridan,2014,298.6378588715847
1,Silver Bow,2014,453.2947073128475
32,Stillwater,2014,526.8742799210296
40,Sweet Grass,2014,609.7616868461541
31,Teton,2014,459.28493530260334
21,Toole,2014,323.15139313660353
33,Treasure,2014,296.76504827285913
20,Valley,2014,324.65084910985865
44,Wheatland,2014,259.3516739043062
52,Wibaux,2014,149.39990908587257
3,Yellowstone,2014,538.4084703162074
18,Beaverhead,2015,615.3141997773718
22,Big Horn,2015,152.6456114917724
24,Blaine,2015,248.14507706218146
43,Broadwater,2015,527.722006803781
10,Carbon,2015,878.4826745150436
42,Carter,2015,246.7406554402789
2,Cascade,2015,501.98573726720895
19,Chouteau,2015,382.26891969334724
14,Custer,2015,472.153194824844
37,Daniels,2015,600.4097605254142
16,Dawson,2015,479.033189331383
30,Deer Lodge,2015,564.5860131436732
39,Fallon,2015,272.7793352664775
8,Fergus,2015,567.7542665823461
7,Flathead,2015,1018.3867015731026
6,Gallatin,2015,936.1466149047225
50,Garfield,2015,462.5279532476636
38,Glacier,2015,206.09410444232736
53,Golden Valley,2015,389.97189476772616
46,Granite,2015,1051.7242627697165
12,Hill,2015,383.6047883466147
51,Jefferson,2015,655.4475790107136
36,Judith Basin,2015,407.5956099430346
15,Lake,2015,964.4760817465113
5,Lewis & Clark,2015,679.5766190374168
48,Liberty,2015,330.9630419732441
56,Lincoln,2015,581.1895318401298
25,Madison,2015,11108.530337215998
41,McCone,2015,114.19585892705997
47,Meagher,2015,666.988394055982
54,Mineral,2015,694.3426381657509
4,Missoula,2015,850.726065187184
23,Musselshell,2015,389.53896046652295
49,Park,2015,849.6265588932887
55,Petroleum,2015,452.75046436708874
11,Phillips,2015,397.05755713217593
26,Pondera,2015,433.4812994882729
9,Powder River,2015,267.13829287895936
28,Powell,2015,508.6542626411768
45,Prairie,2015,391.57797672504375
13,Ravalli,2015,668.4440994190995
27,Richland,2015,362.51518042590726
17,Roosevelt,2015,178.5679602566797
29,Rosebud,2015,168.1625114530098
35,Sanders,2015,489.2923160483442
34,Sheridan,2015,485.91493524107887
1,Silver Bow,2015,480.8287618866568
32,Stillwater,2015,587.9987131379828
40,Sweet Grass,2015,649.4371093425411
31,Teton,2015,502.311307033619
21,Toole,2015,399.27876918094137
33,Treasure,2015,394.9467141520468
20,Valley,2015,503.25216250688715
44,Wheatland,2015,297.8072621800948
52,Wibaux,2015,249.30862373482725
3,Yellowstone,2015,599.7169071236859
18,Beaverhead,2016,606.1290641706264
22,Big Horn,2016,150.91974525178455
24,Blaine,2016,242.5272528944387
43,Broadwater,2016,522.7297569801208
10,Carbon,2016,876.7760240591322
42,Carter,2016,239.76331253617008
2,Cascade,2016,506.9052372072456
19,Chouteau,2016,358.9934546053998
14,Custer,2016,480.4181219692357
37,Daniels,2016,597.2771540922191
16,Dawson,2016,492.6394415960663
30,Deer Lodge,2016,562.2700447085448
39,Fallon,2016,320.6172122974724
8,Fergus,2016,569.0862188423198
7,Flathead,2016,1006.507282052534
6,Gallatin,2016,933.7486274859168
50,Garfield,2016,463.74783335130974
38,Glacier,2016,202.4383231946064
53,Golden Valley,2016,390.2104865432098
46,Granite,2016,1000.8164238279116
12,Hill,2016,382.52013657784204
51,Jefferson,2016,655.2258429071148
36,Judith Basin,2016,404.93762931923686
15,Lake,2016,959.3484546960825
5,Lewis & Clark,2016,678.3003607756123
48,Liberty,2016,332.10988818332635
56,Lincoln,2016,576.9047312221464
25,Madison,2016,11345.286928415273
41,McCone,2016,114.7796735426731
47,Meagher,2016,663.0961885915482
54,Mineral,2016,708.7497007453263
4,Missoula,2016,843.1852807466157
23,Musselshell,2016,388.6216499806489
49,Park,2016,853.1301265957206
55,Petroleum,2016,440.1440266463415
11,Phillips,2016,402.0440652018483
26,Pondera,2016,440.00933323938995
9,Powder River,2016,272.7262736504298
28,Powell,2016,507.28434103156053
45,Prairie,2016,395.5618440137221
13,Ravalli,2016,662.3671501384115
27,Richland,2016,378.99830732778264
17,Roosevelt,2016,182.4196962741777
29,Rosebud,2016,167.59948728531253
35,Sanders,2016,487.73867329692007
34,Sheridan,2016,497.30551848904906
1,Silver Bow,2016,476.8655945137389
32,Stillwater,2016,600.5312150842034
40,Sweet Grass,2016,653.4593749723294
31,Teton,2016,504.6067049742652
21,Toole,2016,403.3299822536348
33,Treasure,2016,402.2087496470588
20,Valley,2016,502.599460082239
44,Wheatland,2016,294.95668244945944
52,Wibaux,2016,258.52781957732947
3,Yellowstone,2016,602.6555991097047
18,Beaverhead,2017,666.0977417042211
22,Big Horn,2017,177.04788833844088
24,Blaine,2017,298.4045141032029
43,Broadwater,2017,589.9253164183384
10,Carbon,2017,990.7316245131417
42,Carter,2017,268.7660506459526
2,Cascade,2017,583.6305657244759
19,Chouteau,2017,430.3703078511822
14,Custer,2017,534.8903968469076
37,Daniels,2017,610.3254302472681
16,Dawson,2017,552.9260605388484
30,Deer Lodge,2017,607.7575635939735
39,Fallon,2017,338.201515535239
8,Fergus,2017,635.2825403509712
7,Flathead,2017,1123.6312530178127
6,Gallatin,2017,1025.3360350191406
50,Garfield,2017,496.81073394409947
38,Glacier,2017,212.22598822742216
53,Golden Valley,2017,455.79756476829266
46,Granite,2017,1012.7359983055395
12,Hill,2017,439.8207064344286
51,Jefferson,2017,736.5803577699592
36,Judith Basin,2017,489.23893942021544
15,Lake,2017,1013.2599383646344
5,Lewis & Clark,2017,776.3165481208288
48,Liberty,2017,374.7039660546358
56,Lincoln,2017,666.2989500138414
25,Madison,2017,14513.581513478026
41,McCone,2017,124.78598988078205
47,Meagher,2017,862.1450732543093
54,Mineral,2017,677.3412548833924
4,Missoula,2017,983.6149250752154
23,Musselshell,2017,470.87684712378905
49,Park,2017,950.3350289627698
55,Petroleum,2017,570.3515980626223
11,Phillips,2017,447.35464901165585
26,Pondera,2017,490.1444257193977
9,Powder River,2017,315.5654715309634
28,Powell,2017,561.5724657314922
45,Prairie,2017,436.9037461061151
13,Ravalli,2017,706.9134638074647
27,Richland,2017,459.12144939588813
17,Roosevelt,2017,195.9318675689964
29,Rosebud,2017,163.47278250048603
35,Sanders,2017,583.7931899184057
34,Sheridan,2017,632.2412593116253
1,Silver Bow,2017,553.4359847675806
32,Stillwater,2017,677.5446759638171
40,Sweet Grass,2017,784.3924486912847
31,Teton,2017,538.9773072767416
21,Toole,2017,470.5935226629789
33,Treasure,2017,439.0576708284023
20,Valley,2017,551.7374705273775
44,Wheatland,2017,361.49460248168504
52,Wibaux,2017,291.40894346902655
3,Yellowstone,2017,672.576324529509
18,Beaverhead,2018,688.7459134655464
22,Big Horn,2018,187.83684646423748
24,Blaine,2018,300.4304281079771
43,Broadwater,2018,584.2105343237469
10,Carbon,2018,971.2209576451376
42,Carter,2018,280.5695977705978
2,Cascade,2018,606.0144476694877
19,Chouteau,2018,434.198692273281
14,Custer,2018,558.2559712791299
37,Daniels,2018,633.6383009559244
16,Dawson,2018,587.4775164735024
30,Deer Lodge,2018,587.8499702102727
39,Fallon,2018,383.9193605993151
8,Fergus,2018,660.5152953009992
7,Flathead,2018,1147.997594802411
6,Gallatin,2018,1093.8517001666128
50,Garfield,2018,579.967727405363
38,Glacier,2018,213.04948259983993
53,Golden Valley,2018,440.24388407990284
46,Granite,2018,1014.9256321284788
12,Hill,2018,441.2254028769803
51,Jefferson,2018,758.2534725188067
36,Judith Basin,2018,478.96121647028684
15,Lake,2018,1021.322004818182
5,Lewis & Clark,2018,886.3439945074232
48,Liberty,2018,386.5862489259259
56,Lincoln,2018,661.2949917012221
25,Madison,2018,15794.447443910449
41,McCone,2018,125.61062476619524
47,Meagher,2018,851.0752435048239
54,Mineral,2018,690.084895607043
4,Missoula,2018,988.8631787711162
23,Musselshell,2018,439.42927115889046
49,Park,2018,946.1609836293015
55,Petroleum,2018,620.6445742105265
11,Phillips,2018,487.86591136720665
26,Pondera,2018,512.3542361456805
9,Powder River,2018,318.81273740675994
28,Powell,2018,575.2625465843852
45,Prairie,2018,460.3920845446182
13,Ravalli,2018,726.6496977117115
27,Richland,2018,500.54374671767613
17,Roosevelt,2018,202.79675916086444
29,Rosebud,2018,178.9874878698003
35,Sanders,2018,577.281053259879
34,Sheridan,2018,710.5385925934584
1,Silver Bow,2018,573.6821242665684
32,Stillwater,2018,662.6252369634988
40,Sweet Grass,2018,763.44164319407
31,Teton,2018,556.7359951655309
21,Toole,2018,495.0228836056047
33,Treasure,2018,473.4243838586157
20,Valley,2018,575.3373135108244
44,Wheatland,2018,351.65399532200365
52,Wibaux,2018,290.67910144584135
3,Yellowstone,2018,711.4267979794807
